Citizen_ID,First_Name,Last_Name,Address,Phone_Number
80237133,Alexander,Eaton,"70367 Cruz Lights, Nicolebury, RI 37994",9125123368
22020069,Wanda,Patterson,"42764 Michael Pine, Coletown, WV 57646",5668458701
63334366,Joshua,Johnson,"49815 Daugherty Rapid, North Thomas, NC 52695",9126322326
88970872,Austin,Kelly,"738 Mclean Street, Port Tina, AL 85282",1685745368
42739400,Cassidy,Torres,"077 Johnathan Spurs Apt. 271, South Jeffreyberg, FM 51356",9129609251
98020013,Sarah,Hoover,"6274 Dan Walks, Port Zachary, KY 14500",9124383827
44868687,Robert,Collins,"5128 Davis Streets, Jordantown, MD 50381",9129075640
38536910,Eric,Soto,"950 Nicholas Manors Suite 668, Reidbury, NY 44011",9121702851
23855709,Alexander,Evans,"75959 Henry Ferry Suite 069, East Sandra, CA 80499",9126921103
82798365,Nathan,Hickman,"9636 Wood Alley, Scottview, VI 47980",9126032156
79120109,Kelly,Jordan,"5596 Christopher Tunnel Suite 997, Lake Kellyhaven, NY 40667",9122128030
99010451,Robert,Cole,"59785 Ruben Neck, Russellbury, ME 50136",6115183456
75178873,Angela,Rodriguez,"0167 Amber Mall Suite 441, West Natashatown, GA 62732",9129403304
20040015,Travis,Munoz,"6331 Ramos Prairie, Lake Charles, NY 72602",6009992317
86379033,Michael,Harrison,"64699 Laura Crest Apt. 173, Kevintown, IA 47513",9121182425
54333322,Dale,Peterson,"36839 Walters Turnpike, South Colton, ND 15855",9124916515
81357383,Derrick,Rios,"99691 Anthony Club Suite 408, West Bryan, VT 40054",7552129722
84530181,Vernon,Bates,"1801 Lisa Meadows Suite 756, Kellyhaven, PA 11386",9127243147
53489397,Christopher,Brewer,"33834 Cynthia Fords Suite 944, Randallborough, FM 81551",9124821226
43262621,Mark,Thompson,"04202 Mary Plains Suite 027, West Elizabethmouth, NJ 93273",9124393758
95179969,Helen,Garza,"1295 Evans Causeway Suite 134, New Davidport, FL 96673",9126947040
64146830,Lindsay,Johnson,"81141 Greer Forges, North Mckenzie, UT 41300",9122626232
53651407,Dominique,Wood,"57409 Cohen Hills Apt. 285, New Angelicatown, MP 13868",9126328211
28865217,Sarah,Oconnell,"340 May Cliffs Apt. 088, New Zachary, IA 21307",9126685727
89355704,James,Allen,"20612 Burton Squares Suite 995, Keyfurt, ID 56000",9129381896
63724590,Julia,Robertson,"388 Franco Island, Port Lisa, MD 08508",9416041717
11505427,Brandon,Ruiz,"12118 Pitts Lake Suite 449, East Julia, DE 94484",9127018123
74801687,Kimberly,Snyder,"USS Gordon, FPO AP 31557",9126582401
21868093,James,Barnes,"526 Samuel Garden, South Joyport, NM 29115",9129141660
99823917,David,Moreno,"28310 Alicia Road, East Nicole, SC 87794",9127199338
36415946,Mary,Sanchez,"Unit 7374 Box 4272, DPO AP 92577",9129366414
97244146,Stephen,Vazquez,"9796 Martinez Ramp Apt. 111, East Lisachester, ME 88668",9124802197
24404234,Jennifer,Lopez,"23375 Vaughn Turnpike, Dylanport, IL 88419",9126912855
63843444,Anthony,Bowers,"449 Chelsea Underpass Suite 036, Johnsonborough, IL 72162",9123231421
75178873,Angela,Rodriguez,"0167 Amber Mall Suite 441, West Natashatown, GA 62732",9129403304
94813013,Alan,Rodriguez,"PSC 3772, Box 3330, APO AA 18682",8855345137
24247150,Adam,Marshall,"Unit 5258 Box 4393, DPO AA 73415",9128359332
56174353,Timothy,Reed,"0725 Pedro Causeway Suite 139, Jamesfort, FM 48535",4083811362
60703630,Nicole,Jenkins,"776 Herrera Dam Apt. 796, Hahnland, AL 17356",9128627178
31639154,Richard,Cameron,"217 Patricia Road, New Fredericktown, TX 57947",9123389974
22783497,Allen,Ruiz,"622 Thompson Spurs, Ronaldtown, NM 93716",9125292845
91103917,Jennifer,Morris,"Unit 8132 Box 0884, DPO AP 53310",9124812720
42739400,Cassidy,Torres,"077 Johnathan Spurs Apt. 271, South Jeffreyberg, FM 51356",9129609251
53895750,Cynthia,Carey,"1794 Michael Ville, Scottborough, WV 40423",9125819885
68316604,Melissa,Anderson,"9421 Jessica Brooks Suite 220, Fordland, NC 77791",9121849408
31488315,Danielle,Scott,"9563 John Pines Apt. 072, New Maryfurt, OR 84933",7043146852
77162680,Tommy,Williams,"196 Flores Coves, Port Robert, AR 69824",2876038000
43152053,William,Holt,"108 Adams Place, Jonesborough, NY 67819",9125916485
62954040,Deborah,Walters,"135 Ronald Rapid, Juantown, MI 60992",9122963437
60570882,Reginald,Braun,"6433 Fischer Village Suite 390, Davidfort, MT 04944",8786452393
60004364,John,Taylor,"PSC 7961, Box 4555, APO AP 64620",9121109226
96875927,Stephanie,Khan,"2228 Michael Corners, Gillespiemouth, NM 94544",9583473269
26471366,Hunter,Wright,"7649 Clifford Fords, Kendraside, MO 03553",5425859309
66292130,Olivia,Wall,"5744 Jasmine Views Suite 093, Amybury, MO 24683",2886466564
94825544,Kimberly,Jones,"508 Bowman Landing, Lake Jameschester, SC 76430",9128529072
43115066,Christopher,Moreno,"387 Davis Mews Suite 854, South Zachary, DE 41411",9126537932
60190649,Kathryn,Clark,"67259 Sarah Creek, North Danieltown, NJ 23356",34337017
97795239,Steven,Webb,"82944 Zachary Inlet Apt. 174, South Danahaven, WY 49502",9127518934
60182710,Amanda,Moore,"218 Stephen Unions, Clayton, IL 62307",8177473665
88846509,Joe,Sawyer,"5448 Larson Falls, Lake Jenniferburgh, UT 07242",9126734101
60531504,Julie,Jones,"40051 Smith Trail Suite 878, Mckeeside, CT 34741",9126737537
66730028,Mark,Tate,"5335 Martinez Ramp, Jordanview, IA 48591",9124924189
35870016,Kayla,Baker,"669 Melissa Mills, North Sarah, PR 68939",5771266418
20702859,Maria,Rowland,"59139 Mitchell Crescent, East Charlesberg, SC 79305",1038053722
81391339,Brittany,Frank,"3646 Richard Park Apt. 618, North Mindy, MA 11573",9129307171
73881939,Kevin,Holmes,"27052 Mary Lake Apt. 572, South Stacey, WV 12956",9126096653
53895750,Cynthia,Carey,"1794 Michael Ville, Scottborough, WV 40423",9125819885
13096473,Brooke,Sanchez,"77989 Jones Common Apt. 006, South Nicole, KY 32040",9126679182
92271191,Zachary,Bennett,"26770 Thomas View Suite 367, Jacobmouth, HI 32087",9127378124
52798612,Michael,Thompson,"09140 Pruitt Wall Apt. 563, Jamesborough, UT 06418",9127784051
70380511,Sarah,Miller,"050 Frederick Shoals, Davidland, AR 94850",9125067610
11033213,Alexander,Li,"49181 Jeremy Green Apt. 600, Murphyhaven, MO 61617",9121496414
83342697,Michael,Shah,"056 Michael Route, Port Michaelburgh, TN 87712",9122788028
19613292,Debra,Williams,"393 Melissa Road, Port Barry, KS 66498",9124039751
30149653,Frank,Sullivan,"239 Daugherty Coves, North Andre, NJ 47757",9125851847
85207089,Sharon,Weaver,"82422 Huff Trace, North John, IA 83380",2236487932
27194880,Christopher,Burgess,"090 Howard Roads Suite 366, Warrenhaven, OH 63011",9121526729
19028396,Thomas,Ross,"65778 Sandra Tunnel Suite 898, Hillport, MH 30469",9124501085
22574369,Bruce,Weaver,"449 Ramirez View Suite 427, Aliciaville, SC 67333",9128034127
81783444,Joseph,Valdez,"28070 Smith Stravenue Apt. 676, Dawnchester, SD 73134",2266589392
67775042,Michael,Wise,"003 Chase Vista, Lake Molly, FM 94201",9222887956
17996324,Lee,Logan,"928 John Fort, Gonzalesbury, ID 90424",5206676163
41436495,Krista,Flores,"132 Beth Ville, Garrisonburgh, NV 77911",9121341678
29062581,Julie,Kelley,"3070 Garrett Brooks, Stoneborough, MO 19680",9125489981
71797100,Michelle,Henderson,"1524 Stephen Prairie, South Christine, TX 04642",9124785787
67875276,Heidi,Reid,"22361 Elizabeth Lane Apt. 754, Smithton, GA 49826",5485787387
53204690,Christopher,Dyer,"23964 Yates Valleys, Port Jessicatown, ID 51219",9128361446
47021491,Kevin,Miranda,"Unit 8093 Box 6192, DPO AP 32718",88058155
87396384,Brandi,Miller,"92808 Martin Rest Suite 913, Lake Martin, PA 81905",9126968904
20742141,Renee,Todd,"4471 Sarah Pass Suite 434, Maddoxmouth, OH 95329",9125788411
14612894,Tammy,Garcia,"07433 Murphy Camp Apt. 143, Navarrotown, WA 90634",9123476861
90792361,Dennis,Rodgers,"44158 Page Highway, East Zachary, CO 72372",7003987651
72716434,Christina,White,"USNS Anderson, FPO AP 08617",5837276025
34675852,Robert,Hernandez,"1195 Kelsey Heights, Gilbertmouth, MS 60309",4504475672
79122556,Angie,Evans,"Unit 0193 Box 7721, DPO AA 96069",9129535813
63739950,Brenda,Warren,"2395 Misty Turnpike, Lopezland, VT 60555",4345702029
36090742,Kari,Mullen,"34913 Garrison Haven Suite 569, Vaughanfort, AR 08233",9129722918
69599389,Andrew,Hughes,"1689 Carolyn Forges, Briannafort, TX 65298",9122314377
46224355,Debra,Davis,"USNV Alexander, FPO AA 45181",9557606201
73061207,Alejandro,Wright,"18046 Barnett Ferry, Lake Davidborough, CO 96144",9128675399
95644096,Roger,Reid,"7182 Jeremy Mill Apt. 912, West Joshuaport, WV 69915",9126699294
65070855,Daniel,Stevens,"15563 Singh Valleys Suite 298, Pamelamouth, FL 72943",4064053062
79120109,Kelly,Jordan,"5596 Christopher Tunnel Suite 997, Lake Kellyhaven, NY 40667",9122128030
53007759,Derek,Baird,"964 Solis Roads, Port Joshuabury, LA 36429",9124738999
68896333,Sherry,Mosley,"1070 Garrett Pass, Nancyside, CT 75248",9122871212
69257615,Kyle,Phillips,"31197 Moore Rapids Suite 269, Williamsport, MN 98371",9125899981
82854785,Ashley,Rogers,"1312 James Motorway, Port Maryport, MP 62590",9129086924
20040015,Travis,Munoz,"6331 Ramos Prairie, Lake Charles, NY 72602",6009992317
72324549,Todd,Perry,"1043 Scott Via Suite 630, Coxland, UT 25426",9129319940
91303278,Michelle,Porter,"93558 Ellis Prairie, North Jenna, OK 95452",1871794047
47551965,Kristin,Monroe,"Unit 3314 Box 4969, DPO AP 38286",7104381497
49609828,Katelyn,Lane,"31101 Chen Valleys Apt. 831, Phillipschester, OH 44031",9128826835
84387742,Daniel,Leonard,"46255 Ashley Brook Suite 916, South Matthewmouth, MP 02358",9122277372
98846930,Luis,Newman,"08562 Ingram Landing Apt. 968, South Amandamouth, DE 14817",9123133681
65448315,Amber,Francis,"1146 Patrick Creek Apt. 405, Gregoryfurt, NY 17260",3271146394
17823121,Jenna,Reyes,"9185 Elizabeth Throughway Apt. 953, Nelsonbury, MT 73579",9121133733
46337344,Ryan,Clay,"43421 Sydney Curve, Morrisland, MO 40038",9126255272
48910589,David,Schmidt,"707 Jose Port, Martinezstad, WY 67174",9122429686
74221924,Cynthia,Herrera,"2331 Juarez Lights Apt. 701, Barryburgh, AS 82280",9124473539
